Daerah,Kemiskinan/Kesejahteraan Masyarakat,Lapangan Pekerjaan,Dampak Kerusakan Lingkungan,Produksi/Eksplorasi Pertambangan,"Bencana Alam (Banjir, Gempa Bumi, Abrasi, Longsor, dsb)",Energi Baru dan Terbarukan,Pendidikan,Kesehatan,Pelayanan Publik,Ketimpangan Pembangunan antara daerah,Kelangkaan dan Naiknya Harga Kebutuhan Pokok,Krisis Iklim/Perubahan Iklim,Praktik Korupsi dan Penyalahgunaan Kewenangan,Turisme/Pariwisata,Kontestasi Politik di Pilkada,Kelangkaan/Kekeringan Air Bersih,Lainnya,Kemiskinan/Kesejahteraan Masyarakat,Lapangan Pekerjaan,Dampak dan Kerusakan Lingkungan,Produksi/Eksplorasi Pertambangan,"Bencana Alam (Banjir, Gempa Bumi, Abrasi, Longsor, dsb)",Energi Baru dan Terbarukan,Pendidikan,Kesehatan,Pelayanan Publik,Ketimpangan Pembangunan antara daerah,Kelangkaan dan Naiknya Harga Kebutuhan Pokok,Krisis Iklim/Perubahan Iklim,Praktik Korupsi dan Penyalahgunaan Kewenangan,Turisme/Pariwisata,Kontestasi Politik di Pilkada,Kelangkaan/Kekeringan Air Bersih,Lainnya,Response,Response,Response,Response,Response
Kota Palu,Kemiskinan/Kesejahteraan Masyarakat,Lapangan Pekerjaan,,,,,,,,,,,,,,,,Kemiskinan/Kesejahteraan Masyarakat,Lapangan Pekerjaan,,,,,,,,,,,,,,,,Mineral Kritis,Mineral Kritis,Ya,Ya,Ya
Kota Palu,,,Dampak Kerusakan Lingkungan,Produksi/Eksplorasi Pertambangan,"Bencana Alam (Banjir, Gempa Bumi, Abrasi, Longsor, dsb)",,,,,,,Krisis Iklim/Perubahan Iklim,,,,,,,,Dampak dan Kerusakan Lingkungan,Produksi/Eksplorasi Pertambangan,"Bencana Alam (Banjir, Gempa Bumi, Abrasi, Longsor, dsb)",,,,,,,Krisis Iklim/Perubahan Iklim,,,,,,Krisis Iklim/Perubahan Iklim,Energi Baru Terbarukan (EBT),Ya,Ya,Ya
Kota Palu,Kemiskinan/Kesejahteraan Masyarakat,,Dampak Kerusakan Lingkungan,,,,Pendidikan,Kesehatan,,,,,,,,,,Kemiskinan/Kesejahteraan Masyarakat,,Dampak dan Kerusakan Lingkungan,,,,Pendidikan,Kesehatan,,,,,,,,,,Mineral Kritis,Mineral Kritis,Tidak,Ya,Ya
Kota Palu,,,Dampak Kerusakan Lingkungan,,"Bencana Alam (Banjir, Gempa Bumi, Abrasi, Longsor, dsb)",,,,,,,,,,,,,,,Dampak dan Kerusakan Lingkungan,,,,,,,,,,,,,,,Krisis Iklim/Perubahan Iklim,Krisis Iklim/Perubahan Iklim,Ya,Ya,Ya
Kota Palu,Kemiskinan/Kesejahteraan Masyarakat,Lapangan Pekerjaan,,Produksi/Eksplorasi Pertambangan,,,,,,,,,,,,,,Kemiskinan/Kesejahteraan Masyarakat,Lapangan Pekerjaan,,Produksi/Eksplorasi Pertambangan,,,,,,,,,,,,,,Mineral Kritis,Mineral Kritis,Tidak,Ya,Ya
Kota Palu,Kemiskinan/Kesejahteraan Masyarakat,,,Produksi/Eksplorasi Pertambangan,,,Pendidikan,,,,,,Praktik Korupsi dan Penyalahgunaan Kewenangan,,,,,Kemiskinan/Kesejahteraan Masyarakat,,,,,,Pendidikan,Kesehatan,,,,,Praktik Korupsi dan Penyalahgunaan Kewenangan,,,,,Krisis Iklim/Perubahan Iklim,Energi Baru Terbarukan (EBT),Ya,Ya,Tidak
Kota Palu,Kemiskinan/Kesejahteraan Masyarakat,Lapangan Pekerjaan,,,,,Pendidikan,,,,,,,,Kontestasi Politik di Pilkada,,,Kemiskinan/Kesejahteraan Masyarakat,Lapangan Pekerjaan,,,,,Pendidikan,,,,,,,,,,,Krisis Iklim/Perubahan Iklim,Krisis Iklim/Perubahan Iklim,Ya,Ya,Ya
Kota Palu,Kemiskinan/Kesejahteraan Masyarakat,Lapangan Pekerjaan,,,,,Pendidikan,,,Ketimpangan Pembangunan antara daerah,,,,,Kontestasi Politik di Pilkada,,,Kemiskinan/Kesejahteraan Masyarakat,Lapangan Pekerjaan,,,,,,,,Ketimpangan Pembangunan antara daerah,,,,,,,,Krisis Iklim/Perubahan Iklim,Krisis Iklim/Perubahan Iklim,Ya,Ya,Ya
Kota Palu,,,,,,,,Kesehatan,,,,,Praktik Korupsi dan Penyalahgunaan Kewenangan,,,,,,,,,,Energi Baru dan Terbarukan,,,Pelayanan Publik,,,,,,,,,Transisi Energi,Transisi Energi,Tidak Tahu,Ya,Tidak Tahu
Kota Palu,Kemiskinan/Kesejahteraan Masyarakat,Lapangan Pekerjaan,Dampak Kerusakan Lingkungan,,,Energi Baru dan Terbarukan,,,,Ketimpangan Pembangunan antara daerah,,,,,,,Lainnya,Kemiskinan/Kesejahteraan Masyarakat,Lapangan Pekerjaan,Dampak dan Kerusakan Lingkungan,,,Energi Baru dan Terbarukan,,,,Ketimpangan Pembangunan antara daerah,,,,,,,Lainnya,Energi Baru Terbarukan (EBT),Energi Baru Terbarukan (EBT),Tidak,Ya,Ya
Kota Palu,Kemiskinan/Kesejahteraan Masyarakat,Lapangan Pekerjaan,Dampak Kerusakan Lingkungan,,,,,,,,,,,,,,,Kemiskinan/Kesejahteraan Masyarakat,Lapangan Pekerjaan,,,,,,,,,,,,,,,,Transisi Energi,Transisi Energi,Ya,Ya,Ya
Kota Palu,Kemiskinan/Kesejahteraan Masyarakat,Lapangan Pekerjaan,,,,,,,,Ketimpangan Pembangunan antara daerah,,,,,Kontestasi Politik di Pilkada,,,Kemiskinan/Kesejahteraan Masyarakat,Lapangan Pekerjaan,,,,,,,,Ketimpangan Pembangunan antara daerah,,,,,,,,Transisi Energi,Transisi Energi,Ya,Ya,Ya
Kota Palu,Kemiskinan/Kesejahteraan Masyarakat,Lapangan Pekerjaan,,Produksi/Eksplorasi Pertambangan,,,,,,,,,Praktik Korupsi dan Penyalahgunaan Kewenangan,,,,,Kemiskinan/Kesejahteraan Masyarakat,,,,,,Pendidikan,,Pelayanan Publik,,,Krisis Iklim/Perubahan Iklim,Praktik Korupsi dan Penyalahgunaan Kewenangan,,,,,Krisis Iklim/Perubahan Iklim,Krisis Iklim/Perubahan Iklim,Ya,Ya,Tidak Tahu
Kota Palu,,Lapangan Pekerjaan,,,,,,,,,,Krisis Iklim/Perubahan Iklim,Praktik Korupsi dan Penyalahgunaan Kewenangan,,,,,,,,,,,,,,,,Krisis Iklim/Perubahan Iklim,,,,,,Krisis Iklim/Perubahan Iklim,Krisis Iklim/Perubahan Iklim,Ya,Ya,Tidak
Kota Palu,Kemiskinan/Kesejahteraan Masyarakat,,,,,,Pendidikan,Kesehatan,,,,,,,,,,,,,,,,,,,,,,,,,,,,,,,
Kota Palu,Kemiskinan/Kesejahteraan Masyarakat,Lapangan Pekerjaan,,,,,,,,,,,,,Kontestasi Politik di Pilkada,,,,,,Produksi/Eksplorasi Pertambangan,,Energi Baru dan Terbarukan,,,,Ketimpangan Pembangunan antara daerah,,Krisis Iklim/Perubahan Iklim,,,,,,Mineral Kritis,Energi Baru Terbarukan (EBT),Ya,Ya,Tidak
Kota Palu,Kemiskinan/Kesejahteraan Masyarakat,,Dampak Kerusakan Lingkungan,,,,,,,,,Krisis Iklim/Perubahan Iklim,Praktik Korupsi dan Penyalahgunaan Kewenangan,,Kontestasi Politik di Pilkada,,,,,Dampak dan Kerusakan Lingkungan,,,,Pendidikan,,,,,,Praktik Korupsi dan Penyalahgunaan Kewenangan,,,,,Krisis Iklim/Perubahan Iklim,Krisis Iklim/Perubahan Iklim,Ya,Tidak,Tidak Tahu
Kota Palu,,,Dampak Kerusakan Lingkungan,,,,,,,,,,,,,,,,,Dampak dan Kerusakan Lingkungan,,"Bencana Alam (Banjir, Gempa Bumi, Abrasi, Longsor, dsb)",,,,,,,,,,,,,Energi Baru Terbarukan (EBT),Mineral Kritis,Tidak,Tidak,Tidak
Kota Palu,,,,,,,,,Pelayanan Publik,Ketimpangan Pembangunan antara daerah,,,,,Kontestasi Politik di Pilkada,,,Kemiskinan/Kesejahteraan Masyarakat,,,,,,Pendidikan,,,Ketimpangan Pembangunan antara daerah,,,Praktik Korupsi dan Penyalahgunaan Kewenangan,,Kontestasi Politik di Pilkada,,,Krisis Iklim/Perubahan Iklim,Mineral Kritis,Ya,Ya,Ya
Prov Palu,Kemiskinan/Kesejahteraan Masyarakat,Lapangan Pekerjaan,Dampak Kerusakan Lingkungan,Produksi/Eksplorasi Pertambangan,"Bencana Alam (Banjir, Gempa Bumi, Abrasi, Longsor, dsb)",,,,Pelayanan Publik,Ketimpangan Pembangunan antara daerah,Kelangkaan dan Naiknya Harga Kebutuhan Pokok,,Praktik Korupsi dan Penyalahgunaan Kewenangan,,Kontestasi Politik di Pilkada,,,Kemiskinan/Kesejahteraan Masyarakat,,Dampak dan Kerusakan Lingkungan,Produksi/Eksplorasi Pertambangan,"Bencana Alam (Banjir, Gempa Bumi, Abrasi, Longsor, dsb)",,,,Pelayanan Publik,Ketimpangan Pembangunan antara daerah,Kelangkaan dan Naiknya Harga Kebutuhan Pokok,,Praktik Korupsi dan Penyalahgunaan Kewenangan,,Kontestasi Politik di Pilkada,,,Krisis Iklim/Perubahan Iklim,Krisis Iklim/Perubahan Iklim,Tidak,Tidak,Tidak
Prov Palu,,Lapangan Pekerjaan,,,,,,,Pelayanan Publik,Ketimpangan Pembangunan antara daerah,Kelangkaan dan Naiknya Harga Kebutuhan Pokok,,,,Kontestasi Politik di Pilkada,,,Kemiskinan/Kesejahteraan Masyarakat,Lapangan Pekerjaan,,,"Bencana Alam (Banjir, Gempa Bumi, Abrasi, Longsor, dsb)",,,,,,,Krisis Iklim/Perubahan Iklim,,,,,,Krisis Iklim/Perubahan Iklim,Krisis Iklim/Perubahan Iklim,Ya,Ya,Ya
Sigi,Kemiskinan/Kesejahteraan Masyarakat,Lapangan Pekerjaan,Dampak Kerusakan Lingkungan,,"Bencana Alam (Banjir, Gempa Bumi, Abrasi, Longsor, dsb)",Energi Baru dan Terbarukan,Pendidikan,Kesehatan,Pelayanan Publik,Ketimpangan Pembangunan antara daerah,,Krisis Iklim/Perubahan Iklim,,,Kontestasi Politik di Pilkada,,,Kemiskinan/Kesejahteraan Masyarakat,Lapangan Pekerjaan,Dampak dan Kerusakan Lingkungan,Produksi/Eksplorasi Pertambangan,"Bencana Alam (Banjir, Gempa Bumi, Abrasi, Longsor, dsb)",Energi Baru dan Terbarukan,Pendidikan,Kesehatan,Pelayanan Publik,Ketimpangan Pembangunan antara daerah,,,,Turisme/Pariwisata,Kontestasi Politik di Pilkada,,,Energi Baru Terbarukan (EBT),Energi Baru Terbarukan (EBT),Ya,Ya,Ya
Prov Palu,Kemiskinan/Kesejahteraan Masyarakat,,Dampak Kerusakan Lingkungan,,"Bencana Alam (Banjir, Gempa Bumi, Abrasi, Longsor, dsb)",Energi Baru dan Terbarukan,,,,Ketimpangan Pembangunan antara daerah,,Krisis Iklim/Perubahan Iklim,,,Kontestasi Politik di Pilkada,,,,,Dampak dan Kerusakan Lingkungan,,"Bencana Alam (Banjir, Gempa Bumi, Abrasi, Longsor, dsb)",Energi Baru dan Terbarukan,,,,,Kelangkaan dan Naiknya Harga Kebutuhan Pokok,,,,Kontestasi Politik di Pilkada,,,Energi Baru Terbarukan (EBT),Energi Baru Terbarukan (EBT),Ya,Ya,Ya
Prov Palu,,Lapangan Pekerjaan,Dampak Kerusakan Lingkungan,,"Bencana Alam (Banjir, Gempa Bumi, Abrasi, Longsor, dsb)",,Pendidikan,,Pelayanan Publik,,Kelangkaan dan Naiknya Harga Kebutuhan Pokok,Krisis Iklim/Perubahan Iklim,,,,,,,,,,"Bencana Alam (Banjir, Gempa Bumi, Abrasi, Longsor, dsb)",,,,Pelayanan Publik,,Kelangkaan dan Naiknya Harga Kebutuhan Pokok,,,,,,,Krisis Iklim/Perubahan Iklim,Krisis Iklim/Perubahan Iklim,Ya,Ya,Tidak
Prov Palu,Kemiskinan/Kesejahteraan Masyarakat,,,,"Bencana Alam (Banjir, Gempa Bumi, Abrasi, Longsor, dsb)",,Pendidikan,Kesehatan,Pelayanan Publik,,,,,,,,,Kemiskinan/Kesejahteraan Masyarakat,,,,,,Pendidikan,Kesehatan,,Ketimpangan Pembangunan antara daerah,,,,,Kontestasi Politik di Pilkada,,,Krisis Iklim/Perubahan Iklim,Krisis Iklim/Perubahan Iklim,Tidak,Tidak,Tidak
Prov Palu,Kemiskinan/Kesejahteraan Masyarakat,,,Produksi/Eksplorasi Pertambangan,"Bencana Alam (Banjir, Gempa Bumi, Abrasi, Longsor, dsb)",,,,Pelayanan Publik,Ketimpangan Pembangunan antara daerah,,,,,Kontestasi Politik di Pilkada,Kelangkaan/Kekeringan Air Bersih,Lainnya,,Lapangan Pekerjaan,,,,,,,,Ketimpangan Pembangunan antara daerah,Kelangkaan dan Naiknya Harga Kebutuhan Pokok,,,,Kontestasi Politik di Pilkada,,,Krisis Iklim/Perubahan Iklim,Krisis Iklim/Perubahan Iklim,Tidak,Tidak,Tidak
Prov Palu,Kemiskinan/Kesejahteraan Masyarakat,Lapangan Pekerjaan,,,,,Pendidikan,,Pelayanan Publik,Ketimpangan Pembangunan antara daerah,,,,,,Kelangkaan/Kekeringan Air Bersih,Lainnya,Kemiskinan/Kesejahteraan Masyarakat,Lapangan Pekerjaan,Dampak dan Kerusakan Lingkungan,,,,,,,Ketimpangan Pembangunan antara daerah,,Krisis Iklim/Perubahan Iklim,,,,,Lainnya,Krisis Iklim/Perubahan Iklim,Energi Baru Terbarukan (EBT),Ya,Ya,Ya
Sigi,Kemiskinan/Kesejahteraan Masyarakat,Lapangan Pekerjaan,Dampak Kerusakan Lingkungan,,,Energi Baru dan Terbarukan,Pendidikan,Kesehatan,Pelayanan Publik,,,,,,,,,Kemiskinan/Kesejahteraan Masyarakat,Lapangan Pekerjaan,Dampak dan Kerusakan Lingkungan,,,,Pendidikan,Kesehatan,Pelayanan Publik,,,,,,,,,Krisis Iklim/Perubahan Iklim,Krisis Iklim/Perubahan Iklim,Ya,Ya,Ya
Morowali,Kemiskinan/Kesejahteraan Masyarakat,Lapangan Pekerjaan,Dampak Kerusakan Lingkungan,Produksi/Eksplorasi Pertambangan,"Bencana Alam (Banjir, Gempa Bumi, Abrasi, Longsor, dsb)",,,,,,,,,,,,,Kemiskinan/Kesejahteraan Masyarakat,Lapangan Pekerjaan,Dampak dan Kerusakan Lingkungan,Produksi/Eksplorasi Pertambangan,"Bencana Alam (Banjir, Gempa Bumi, Abrasi, Longsor, dsb)",,,,,,,Krisis Iklim/Perubahan Iklim,,,,,,Krisis Iklim/Perubahan Iklim,Krisis Iklim/Perubahan Iklim,Ya,Ya,Tidak Tahu
Sigi,,,Dampak Kerusakan Lingkungan,,,,Pendidikan,,,,,,,,,,,,,,,,,Pendidikan,,Pelayanan Publik,,Kelangkaan dan Naiknya Harga Kebutuhan Pokok,,,,Kontestasi Politik di Pilkada,,,Krisis Iklim/Perubahan Iklim,Krisis Iklim/Perubahan Iklim,Tidak,Ya,Ya
Prov Palu,Kemiskinan/Kesejahteraan Masyarakat,Lapangan Pekerjaan,Dampak Kerusakan Lingkungan,Produksi/Eksplorasi Pertambangan,"Bencana Alam (Banjir, Gempa Bumi, Abrasi, Longsor, dsb)",,,,Pelayanan Publik,Ketimpangan Pembangunan antara daerah,Kelangkaan dan Naiknya Harga Kebutuhan Pokok,,,,Kontestasi Politik di Pilkada,Kelangkaan/Kekeringan Air Bersih,,Kemiskinan/Kesejahteraan Masyarakat,Lapangan Pekerjaan,Dampak dan Kerusakan Lingkungan,Produksi/Eksplorasi Pertambangan,"Bencana Alam (Banjir, Gempa Bumi, Abrasi, Longsor, dsb)",,Pendidikan,,,Ketimpangan Pembangunan antara daerah,Kelangkaan dan Naiknya Harga Kebutuhan Pokok,Krisis Iklim/Perubahan Iklim,,,Kontestasi Politik di Pilkada,,,Krisis Iklim/Perubahan Iklim,Krisis Iklim/Perubahan Iklim,Ya,Ya,Tidak
Prov Palu,Kemiskinan/Kesejahteraan Masyarakat,Lapangan Pekerjaan,,,,,,Kesehatan,Pelayanan Publik,,Kelangkaan dan Naiknya Harga Kebutuhan Pokok,Krisis Iklim/Perubahan Iklim,,,,,Lainnya,,,Dampak dan Kerusakan Lingkungan,Produksi/Eksplorasi Pertambangan,"Bencana Alam (Banjir, Gempa Bumi, Abrasi, Longsor, dsb)",,Pendidikan,,Pelayanan Publik,,,,,,,,Lainnya,Krisis Iklim/Perubahan Iklim,Transisi Energi,Tidak,Tidak,Ya
Kota Palu,Kemiskinan/Kesejahteraan Masyarakat,Lapangan Pekerjaan,,,,,Pendidikan,Kesehatan,Pelayanan Publik,Ketimpangan Pembangunan antara daerah,Kelangkaan dan Naiknya Harga Kebutuhan Pokok,,,,Kontestasi Politik di Pilkada,,,,,Dampak dan Kerusakan Lingkungan,Produksi/Eksplorasi Pertambangan,"Bencana Alam (Banjir, Gempa Bumi, Abrasi, Longsor, dsb)",,,,,,Kelangkaan dan Naiknya Harga Kebutuhan Pokok,,Praktik Korupsi dan Penyalahgunaan Kewenangan,,Kontestasi Politik di Pilkada,,,Krisis Iklim/Perubahan Iklim,Energi Baru Terbarukan (EBT),Tidak,Tidak,Tidak
Kota Palu,,,Dampak Kerusakan Lingkungan,Produksi/Eksplorasi Pertambangan,,,,,,,,,,,,,,,,Dampak dan Kerusakan Lingkungan,Produksi/Eksplorasi Pertambangan,,,,,,,,Krisis Iklim/Perubahan Iklim,,,,,,Krisis Iklim/Perubahan Iklim,Mineral Kritis,Ya,Ya,Ya
Morowali Utara,Kemiskinan/Kesejahteraan Masyarakat,Lapangan Pekerjaan,Dampak Kerusakan Lingkungan,,"Bencana Alam (Banjir, Gempa Bumi, Abrasi, Longsor, dsb)",Energi Baru dan Terbarukan,Pendidikan,Kesehatan,Pelayanan Publik,Ketimpangan Pembangunan antara daerah,Kelangkaan dan Naiknya Harga Kebutuhan Pokok,Krisis Iklim/Perubahan Iklim,,,Kontestasi Politik di Pilkada,,,Kemiskinan/Kesejahteraan Masyarakat,Lapangan Pekerjaan,Dampak dan Kerusakan Lingkungan,Produksi/Eksplorasi Pertambangan,"Bencana Alam (Banjir, Gempa Bumi, Abrasi, Longsor, dsb)",Energi Baru dan Terbarukan,Pendidikan,Kesehatan,Pelayanan Publik,Ketimpangan Pembangunan antara daerah,Kelangkaan dan Naiknya Harga Kebutuhan Pokok,Krisis Iklim/Perubahan Iklim,Praktik Korupsi dan Penyalahgunaan Kewenangan,,Kontestasi Politik di Pilkada,,Lainnya,Energi Baru Terbarukan (EBT),Energi Baru Terbarukan (EBT),Ya,Ya,Ya
Kota Palu,,,,,,,,,,,,,,,Kontestasi Politik di Pilkada,,,,,Dampak dan Kerusakan Lingkungan,,"Bencana Alam (Banjir, Gempa Bumi, Abrasi, Longsor, dsb)",,,,,,,,,,,,Lainnya,Krisis Iklim/Perubahan Iklim,Krisis Iklim/Perubahan Iklim,Ya,Ya,Tidak
Morowali,,Lapangan Pekerjaan,Dampak Kerusakan Lingkungan,,"Bencana Alam (Banjir, Gempa Bumi, Abrasi, Longsor, dsb)",Energi Baru dan Terbarukan,,,,,,,,,,,,,Lapangan Pekerjaan,Dampak dan Kerusakan Lingkungan,Produksi/Eksplorasi Pertambangan,"Bencana Alam (Banjir, Gempa Bumi, Abrasi, Longsor, dsb)",,,,,,,,,,,,,Krisis Iklim/Perubahan Iklim,Mineral Kritis,Ya,Tidak,Tidak Tahu
Sigi,Kemiskinan/Kesejahteraan Masyarakat,Lapangan Pekerjaan,,,"Bencana Alam (Banjir, Gempa Bumi, Abrasi, Longsor, dsb)",Energi Baru dan Terbarukan,,,,,Kelangkaan dan Naiknya Harga Kebutuhan Pokok,Krisis Iklim/Perubahan Iklim,,,Kontestasi Politik di Pilkada,,,Kemiskinan/Kesejahteraan Masyarakat,Lapangan Pekerjaan,,,,Energi Baru dan Terbarukan,,,,,,,,,,,,Krisis Iklim/Perubahan Iklim,Krisis Iklim/Perubahan Iklim,Ya,Ya,Ya
Sigi,Kemiskinan/Kesejahteraan Masyarakat,,Dampak Kerusakan Lingkungan,,"Bencana Alam (Banjir, Gempa Bumi, Abrasi, Longsor, dsb)",,,,Pelayanan Publik,Ketimpangan Pembangunan antara daerah,,Krisis Iklim/Perubahan Iklim,,,Kontestasi Politik di Pilkada,,,Kemiskinan/Kesejahteraan Masyarakat,,,,"Bencana Alam (Banjir, Gempa Bumi, Abrasi, Longsor, dsb)",,,,,,,,,,,,,Krisis Iklim/Perubahan Iklim,Mineral Kritis,Tidak Tahu,Ya,Tidak
Kota Palu,,,,,,Energi Baru dan Terbarukan,Pendidikan,,,,Kelangkaan dan Naiknya Harga Kebutuhan Pokok,,,,,,,,,Dampak dan Kerusakan Lingkungan,,,Energi Baru dan Terbarukan,,,,,,,,,,,,Krisis Iklim/Perubahan Iklim,Krisis Iklim/Perubahan Iklim,Ya,Tidak,Tidak Tahu
Prov Palu,Kemiskinan/Kesejahteraan Masyarakat,Lapangan Pekerjaan,Dampak Kerusakan Lingkungan,,"Bencana Alam (Banjir, Gempa Bumi, Abrasi, Longsor, dsb)",,Pendidikan,,Pelayanan Publik,Ketimpangan Pembangunan antara daerah,,Krisis Iklim/Perubahan Iklim,Praktik Korupsi dan Penyalahgunaan Kewenangan,,Kontestasi Politik di Pilkada,Kelangkaan/Kekeringan Air Bersih,,,,Dampak dan Kerusakan Lingkungan,Produksi/Eksplorasi Pertambangan,"Bencana Alam (Banjir, Gempa Bumi, Abrasi, Longsor, dsb)",,Pendidikan,,Pelayanan Publik,Ketimpangan Pembangunan antara daerah,,Krisis Iklim/Perubahan Iklim,Praktik Korupsi dan Penyalahgunaan Kewenangan,Turisme/Pariwisata,Kontestasi Politik di Pilkada,,,Krisis Iklim/Perubahan Iklim,Krisis Iklim/Perubahan Iklim,Ya,Ya,Tidak
Sigi,Kemiskinan/Kesejahteraan Masyarakat,Lapangan Pekerjaan,,,"Bencana Alam (Banjir, Gempa Bumi, Abrasi, Longsor, dsb)",,Pendidikan,Kesehatan,,,,Krisis Iklim/Perubahan Iklim,,,,Kelangkaan/Kekeringan Air Bersih,,Kemiskinan/Kesejahteraan Masyarakat,Lapangan Pekerjaan,,,"Bencana Alam (Banjir, Gempa Bumi, Abrasi, Longsor, dsb)",,,Kesehatan,,,,Krisis Iklim/Perubahan Iklim,,,,,,Krisis Iklim/Perubahan Iklim,Krisis Iklim/Perubahan Iklim,Ya,Ya,Ya
Sigi,Kemiskinan/Kesejahteraan Masyarakat,Lapangan Pekerjaan,Dampak Kerusakan Lingkungan,,"Bencana Alam (Banjir, Gempa Bumi, Abrasi, Longsor, dsb)",Energi Baru dan Terbarukan,Pendidikan,Kesehatan,Pelayanan Publik,Ketimpangan Pembangunan antara daerah,,Krisis Iklim/Perubahan Iklim,,,Kontestasi Politik di Pilkada,,,Kemiskinan/Kesejahteraan Masyarakat,Lapangan Pekerjaan,Dampak dan Kerusakan Lingkungan,,"Bencana Alam (Banjir, Gempa Bumi, Abrasi, Longsor, dsb)",Energi Baru dan Terbarukan,Pendidikan,Kesehatan,Pelayanan Publik,Ketimpangan Pembangunan antara daerah,,Krisis Iklim/Perubahan Iklim,,,Kontestasi Politik di Pilkada,,,Energi Baru Terbarukan (EBT),Energi Baru Terbarukan (EBT),Ya,Ya,Ya
Sigi,Kemiskinan/Kesejahteraan Masyarakat,Lapangan Pekerjaan,,,"Bencana Alam (Banjir, Gempa Bumi, Abrasi, Longsor, dsb)",,Pendidikan,Kesehatan,,,,,,,Kontestasi Politik di Pilkada,Kelangkaan/Kekeringan Air Bersih,,Kemiskinan/Kesejahteraan Masyarakat,Lapangan Pekerjaan,,,"Bencana Alam (Banjir, Gempa Bumi, Abrasi, Longsor, dsb)",,Pendidikan,Kesehatan,,,,,,,,Kelangkaan/Kekeringan Air Bersih,,Energi Baru Terbarukan (EBT),Energi Baru Terbarukan (EBT),Ya,Ya,Ya
Morowali Utara,Kemiskinan/Kesejahteraan Masyarakat,Lapangan Pekerjaan,Dampak Kerusakan Lingkungan,,"Bencana Alam (Banjir, Gempa Bumi, Abrasi, Longsor, dsb)",,Pendidikan,,Pelayanan Publik,,,Krisis Iklim/Perubahan Iklim,,,,,,Kemiskinan/Kesejahteraan Masyarakat,Lapangan Pekerjaan,,Produksi/Eksplorasi Pertambangan,,,Pendidikan,Kesehatan,Pelayanan Publik,,,,,,,,,Krisis Iklim/Perubahan Iklim,Krisis Iklim/Perubahan Iklim,Ya,Ya,Ya
Morowali,,Lapangan Pekerjaan,Dampak Kerusakan Lingkungan,Produksi/Eksplorasi Pertambangan,"Bencana Alam (Banjir, Gempa Bumi, Abrasi, Longsor, dsb)",,,,,,,,,,,,,,Lapangan Pekerjaan,Dampak dan Kerusakan Lingkungan,Produksi/Eksplorasi Pertambangan,"Bencana Alam (Banjir, Gempa Bumi, Abrasi, Longsor, dsb)",,,,,,,,,,,,,Krisis Iklim/Perubahan Iklim,Krisis Iklim/Perubahan Iklim,Ya,Ya,Tidak Tahu
Kota Palu,,,Dampak Kerusakan Lingkungan,,,,,,Pelayanan Publik,,,,,,Kontestasi Politik di Pilkada,,,,Lapangan Pekerjaan,,,,,,,,,Kelangkaan dan Naiknya Harga Kebutuhan Pokok,,,,,,,Krisis Iklim/Perubahan Iklim,Krisis Iklim/Perubahan Iklim,Ya,Ya,Tidak
Morowali Utara,Kemiskinan/Kesejahteraan Masyarakat,Lapangan Pekerjaan,Dampak Kerusakan Lingkungan,Produksi/Eksplorasi Pertambangan,,Energi Baru dan Terbarukan,Pendidikan,,,Ketimpangan Pembangunan antara daerah,Kelangkaan dan Naiknya Harga Kebutuhan Pokok,Krisis Iklim/Perubahan Iklim,,,Kontestasi Politik di Pilkada,,,Kemiskinan/Kesejahteraan Masyarakat,Lapangan Pekerjaan,Dampak dan Kerusakan Lingkungan,Produksi/Eksplorasi Pertambangan,,,Pendidikan,,,Ketimpangan Pembangunan antara daerah,Kelangkaan dan Naiknya Harga Kebutuhan Pokok,Krisis Iklim/Perubahan Iklim,,,Kontestasi Politik di Pilkada,,,Mineral Kritis,Mineral Kritis,Ya,Ya,Ya
Sigi,Kemiskinan/Kesejahteraan Masyarakat,,Dampak Kerusakan Lingkungan,,"Bencana Alam (Banjir, Gempa Bumi, Abrasi, Longsor, dsb)",Energi Baru dan Terbarukan,Pendidikan,,,,,Krisis Iklim/Perubahan Iklim,,,Kontestasi Politik di Pilkada,,,Kemiskinan/Kesejahteraan Masyarakat,Lapangan Pekerjaan,,,"Bencana Alam (Banjir, Gempa Bumi, Abrasi, Longsor, dsb)",,,,,,,Krisis Iklim/Perubahan Iklim,,,,,,Mineral Kritis,Mineral Kritis,Tidak,Ya,Ya
Morowali Utara,Kemiskinan/Kesejahteraan Masyarakat,Lapangan Pekerjaan,Dampak Kerusakan Lingkungan,Produksi/Eksplorasi Pertambangan,"Bencana Alam (Banjir, Gempa Bumi, Abrasi, Longsor, dsb)",,,Kesehatan,Pelayanan Publik,,Kelangkaan dan Naiknya Harga Kebutuhan Pokok,Krisis Iklim/Perubahan Iklim,,,,,,Kemiskinan/Kesejahteraan Masyarakat,Lapangan Pekerjaan,Dampak dan Kerusakan Lingkungan,,"Bencana Alam (Banjir, Gempa Bumi, Abrasi, Longsor, dsb)",,,Kesehatan,Pelayanan Publik,Ketimpangan Pembangunan antara daerah,Kelangkaan dan Naiknya Harga Kebutuhan Pokok,Krisis Iklim/Perubahan Iklim,,,,,,Krisis Iklim/Perubahan Iklim,Krisis Iklim/Perubahan Iklim,Ya,Ya,Ya
Sigi,Kemiskinan/Kesejahteraan Masyarakat,,Dampak Kerusakan Lingkungan,,"Bencana Alam (Banjir, Gempa Bumi, Abrasi, Longsor, dsb)",,,,,,,Krisis Iklim/Perubahan Iklim,,,,,,Kemiskinan/Kesejahteraan Masyarakat,,,,"Bencana Alam (Banjir, Gempa Bumi, Abrasi, Longsor, dsb)",,,,,,,Krisis Iklim/Perubahan Iklim,,,,,,Krisis Iklim/Perubahan Iklim,Krisis Iklim/Perubahan Iklim,Tidak,Ya,Tidak
Morowali Utara,Kemiskinan/Kesejahteraan Masyarakat,Lapangan Pekerjaan,Dampak Kerusakan Lingkungan,Produksi/Eksplorasi Pertambangan,,,Pendidikan,Kesehatan,Pelayanan Publik,,,,,,,,Lainnya,Kemiskinan/Kesejahteraan Masyarakat,Lapangan Pekerjaan,Dampak dan Kerusakan Lingkungan,Produksi/Eksplorasi Pertambangan,"Bencana Alam (Banjir, Gempa Bumi, Abrasi, Longsor, dsb)",,Pendidikan,Kesehatan,Pelayanan Publik,,Kelangkaan dan Naiknya Harga Kebutuhan Pokok,Krisis Iklim/Perubahan Iklim,,,,,,Krisis Iklim/Perubahan Iklim,Krisis Iklim/Perubahan Iklim,Ya,Ya,Ya
Sigi,Kemiskinan/Kesejahteraan Masyarakat,Lapangan Pekerjaan,,,"Bencana Alam (Banjir, Gempa Bumi, Abrasi, Longsor, dsb)",,Pendidikan,Kesehatan,Pelayanan Publik,,,Krisis Iklim/Perubahan Iklim,,,,,,Kemiskinan/Kesejahteraan Masyarakat,Lapangan Pekerjaan,,,"Bencana Alam (Banjir, Gempa Bumi, Abrasi, Longsor, dsb)",,Pendidikan,Kesehatan,Pelayanan Publik,,,Krisis Iklim/Perubahan Iklim,,,,,,Energi Baru Terbarukan (EBT),Energi Baru Terbarukan (EBT),Ya,Ya,Ya
Prov Palu,Kemiskinan/Kesejahteraan Masyarakat,Lapangan Pekerjaan,Dampak Kerusakan Lingkungan,Produksi/Eksplorasi Pertambangan,"Bencana Alam (Banjir, Gempa Bumi, Abrasi, Longsor, dsb)",,Pendidikan,Kesehatan,,Ketimpangan Pembangunan antara daerah,,Krisis Iklim/Perubahan Iklim,Praktik Korupsi dan Penyalahgunaan Kewenangan,,Kontestasi Politik di Pilkada,,,Kemiskinan/Kesejahteraan Masyarakat,,Dampak dan Kerusakan Lingkungan,Produksi/Eksplorasi Pertambangan,"Bencana Alam (Banjir, Gempa Bumi, Abrasi, Longsor, dsb)",,Pendidikan,,,Ketimpangan Pembangunan antara daerah,,Krisis Iklim/Perubahan Iklim,,,,,,Krisis Iklim/Perubahan Iklim,Krisis Iklim/Perubahan Iklim,Ya,,Tidak
Kota Palu,Kemiskinan/Kesejahteraan Masyarakat,Lapangan Pekerjaan,,,,,,,,,,,,,,,,Kemiskinan/Kesejahteraan Masyarakat,Lapangan Pekerjaan,,,,,,,,,,,,,,,,Krisis Iklim/Perubahan Iklim,Krisis Iklim/Perubahan Iklim,Ya,Ya,Tidak Tahu
Sigi,Kemiskinan/Kesejahteraan Masyarakat,Lapangan Pekerjaan,,Produksi/Eksplorasi Pertambangan,"Bencana Alam (Banjir, Gempa Bumi, Abrasi, Longsor, dsb)",,Pendidikan,Kesehatan,Pelayanan Publik,,,Krisis Iklim/Perubahan Iklim,,,Kontestasi Politik di Pilkada,,,Kemiskinan/Kesejahteraan Masyarakat,Lapangan Pekerjaan,Dampak dan Kerusakan Lingkungan,Produksi/Eksplorasi Pertambangan,"Bencana Alam (Banjir, Gempa Bumi, Abrasi, Longsor, dsb)",Energi Baru dan Terbarukan,Pendidikan,Kesehatan,Pelayanan Publik,,,Krisis Iklim/Perubahan Iklim,,,Kontestasi Politik di Pilkada,,,Krisis Iklim/Perubahan Iklim,Krisis Iklim/Perubahan Iklim,Ya,Ya,Ya
Prov Palu,Kemiskinan/Kesejahteraan Masyarakat,Lapangan Pekerjaan,,,,,Pendidikan,Kesehatan,,,Kelangkaan dan Naiknya Harga Kebutuhan Pokok,,,,,,,,Lapangan Pekerjaan,,,,,Pendidikan,Kesehatan,,,,,,,,,,Energi Baru Terbarukan (EBT),Energi Baru Terbarukan (EBT),Tidak,Ya,Ya
Sigi,Kemiskinan/Kesejahteraan Masyarakat,Lapangan Pekerjaan,,,"Bencana Alam (Banjir, Gempa Bumi, Abrasi, Longsor, dsb)",Energi Baru dan Terbarukan,Pendidikan,Kesehatan,Pelayanan Publik,,,,,,Kontestasi Politik di Pilkada,,,Kemiskinan/Kesejahteraan Masyarakat,Lapangan Pekerjaan,Dampak dan Kerusakan Lingkungan,,"Bencana Alam (Banjir, Gempa Bumi, Abrasi, Longsor, dsb)",,Pendidikan,Kesehatan,Pelayanan Publik,,,,,,Kontestasi Politik di Pilkada,,,Energi Baru Terbarukan (EBT),Energi Baru Terbarukan (EBT),Ya,Ya,Ya
,Kemiskinan/Kesejahteraan Masyarakat,Lapangan Pekerjaan,,,"Bencana Alam (Banjir, Gempa Bumi, Abrasi, Longsor, dsb)",,,,,,,,,,,,Lainnya,Kemiskinan/Kesejahteraan Masyarakat,Lapangan Pekerjaan,,,"Bencana Alam (Banjir, Gempa Bumi, Abrasi, Longsor, dsb)",,,,,,,,,,,,,Krisis Iklim/Perubahan Iklim,Krisis Iklim/Perubahan Iklim,Ya,Ya,Ya
Prov Palu,Kemiskinan/Kesejahteraan Masyarakat,Lapangan Pekerjaan,Dampak Kerusakan Lingkungan,Produksi/Eksplorasi Pertambangan,"Bencana Alam (Banjir, Gempa Bumi, Abrasi, Longsor, dsb)",,,,,,Kelangkaan dan Naiknya Harga Kebutuhan Pokok,,,,,,Lainnya,Kemiskinan/Kesejahteraan Masyarakat,Lapangan Pekerjaan,Dampak dan Kerusakan Lingkungan,,,,,Kesehatan,,,Kelangkaan dan Naiknya Harga Kebutuhan Pokok,,,,,,,Krisis Iklim/Perubahan Iklim,Krisis Iklim/Perubahan Iklim,Ya,Ya,Ya
Sigi,,,,Produksi/Eksplorasi Pertambangan,,,Pendidikan,Kesehatan,Pelayanan Publik,,,Krisis Iklim/Perubahan Iklim,,,,,,,,,,,,Pendidikan,Kesehatan,Pelayanan Publik,,,,,,,,,Energi Baru Terbarukan (EBT),Energi Baru Terbarukan (EBT),Ya,Ya,Ya
Morowali,Kemiskinan/Kesejahteraan Masyarakat,,Dampak Kerusakan Lingkungan,,,,,,Pelayanan Publik,,,,,,Kontestasi Politik di Pilkada,,,,,,,,,,,Pelayanan Publik,,,,,,Kontestasi Politik di Pilkada,,,Krisis Iklim/Perubahan Iklim,Krisis Iklim/Perubahan Iklim,Ya,Ya,Tidak
Kota Palu,Kemiskinan/Kesejahteraan Masyarakat,Lapangan Pekerjaan,,,"Bencana Alam (Banjir, Gempa Bumi, Abrasi, Longsor, dsb)",,Pendidikan,,,,,,,,,,,Kemiskinan/Kesejahteraan Masyarakat,Lapangan Pekerjaan,,,,,,,,,Kelangkaan dan Naiknya Harga Kebutuhan Pokok,,,,,,,Energi Baru Terbarukan (EBT),Energi Baru Terbarukan (EBT),Ya,Tidak,Ya
,,,,,,,,,,,,,,,,,,,,,,,,,,,,,,,,,,,,,,,
Morowali,Kemiskinan/Kesejahteraan Masyarakat,,Dampak Kerusakan Lingkungan,Produksi/Eksplorasi Pertambangan,"Bencana Alam (Banjir, Gempa Bumi, Abrasi, Longsor, dsb)",,,,,,,,,,,,,,,Dampak dan Kerusakan Lingkungan,,,,,,,,,,,,,,,Krisis Iklim/Perubahan Iklim,Krisis Iklim/Perubahan Iklim,Ya,Ya,Ya
Sigi,Kemiskinan/Kesejahteraan Masyarakat,Lapangan Pekerjaan,,,"Bencana Alam (Banjir, Gempa Bumi, Abrasi, Longsor, dsb)",,,,,,,Krisis Iklim/Perubahan Iklim,,,,,,Kemiskinan/Kesejahteraan Masyarakat,Lapangan Pekerjaan,,,"Bencana Alam (Banjir, Gempa Bumi, Abrasi, Longsor, dsb)",,Pendidikan,Kesehatan,Pelayanan Publik,,,Krisis Iklim/Perubahan Iklim,,,,,,Krisis Iklim/Perubahan Iklim,Krisis Iklim/Perubahan Iklim,Ya,Ya,Ya
Prov Palu,Kemiskinan/Kesejahteraan Masyarakat,Lapangan Pekerjaan,Dampak Kerusakan Lingkungan,Produksi/Eksplorasi Pertambangan,"Bencana Alam (Banjir, Gempa Bumi, Abrasi, Longsor, dsb)",,,,,,,Krisis Iklim/Perubahan Iklim,,,Kontestasi Politik di Pilkada,,,Kemiskinan/Kesejahteraan Masyarakat,,Dampak dan Kerusakan Lingkungan,Produksi/Eksplorasi Pertambangan,"Bencana Alam (Banjir, Gempa Bumi, Abrasi, Longsor, dsb)",,,,,,,Krisis Iklim/Perubahan Iklim,,,,,,Krisis Iklim/Perubahan Iklim,Krisis Iklim/Perubahan Iklim,Ya,Ya,Ya
Sigi,Kemiskinan/Kesejahteraan Masyarakat,Lapangan Pekerjaan,,Produksi/Eksplorasi Pertambangan,"Bencana Alam (Banjir, Gempa Bumi, Abrasi, Longsor, dsb)",Energi Baru dan Terbarukan,Pendidikan,Kesehatan,Pelayanan Publik,Ketimpangan Pembangunan antara daerah,,,,Turisme/Pariwisata,,,,Kemiskinan/Kesejahteraan Masyarakat,Lapangan Pekerjaan,,Produksi/Eksplorasi Pertambangan,"Bencana Alam (Banjir, Gempa Bumi, Abrasi, Longsor, dsb)",Energi Baru dan Terbarukan,Pendidikan,Kesehatan,Pelayanan Publik,Ketimpangan Pembangunan antara daerah,,Krisis Iklim/Perubahan Iklim,,Turisme/Pariwisata,,,,Energi Baru Terbarukan (EBT),Energi Baru Terbarukan (EBT),Ya,Ya,Ya
Kota Palu,,Lapangan Pekerjaan,,,,,,,,,,,,,Kontestasi Politik di Pilkada,,Lainnya,,Lapangan Pekerjaan,,,,,,,,,,,,,,,,Mineral Kritis,Mineral Kritis,Ya,Ya,Ya
Prov Palu,Kemiskinan/Kesejahteraan Masyarakat,Lapangan Pekerjaan,Dampak Kerusakan Lingkungan,Produksi/Eksplorasi Pertambangan,"Bencana Alam (Banjir, Gempa Bumi, Abrasi, Longsor, dsb)",,,,,,,Krisis Iklim/Perubahan Iklim,,Turisme/Pariwisata,,,,,Lapangan Pekerjaan,Dampak dan Kerusakan Lingkungan,,"Bencana Alam (Banjir, Gempa Bumi, Abrasi, Longsor, dsb)",Energi Baru dan Terbarukan,,,,,,Krisis Iklim/Perubahan Iklim,,,,,,Krisis Iklim/Perubahan Iklim,Krisis Iklim/Perubahan Iklim,Ya,Ya,Ya
Sigi,Kemiskinan/Kesejahteraan Masyarakat,,,,"Bencana Alam (Banjir, Gempa Bumi, Abrasi, Longsor, dsb)",,Pendidikan,Kesehatan,Pelayanan Publik,,,Krisis Iklim/Perubahan Iklim,,,,,,Kemiskinan/Kesejahteraan Masyarakat,,Dampak dan Kerusakan Lingkungan,,"Bencana Alam (Banjir, Gempa Bumi, Abrasi, Longsor, dsb)",,Pendidikan,Kesehatan,Pelayanan Publik,,,Krisis Iklim/Perubahan Iklim,,,,,,Energi Baru Terbarukan (EBT),Energi Baru Terbarukan (EBT),Ya,Ya,Ya
Sigi,Kemiskinan/Kesejahteraan Masyarakat,,,,"Bencana Alam (Banjir, Gempa Bumi, Abrasi, Longsor, dsb)",Energi Baru dan Terbarukan,Pendidikan,Kesehatan,Pelayanan Publik,,,,,,,,,Kemiskinan/Kesejahteraan Masyarakat,Lapangan Pekerjaan,Dampak dan Kerusakan Lingkungan,,"Bencana Alam (Banjir, Gempa Bumi, Abrasi, Longsor, dsb)",Energi Baru dan Terbarukan,Pendidikan,Kesehatan,Pelayanan Publik,,,,,,,,,Krisis Iklim/Perubahan Iklim,Krisis Iklim/Perubahan Iklim,Ya,Ya,Ya
Prov Palu,Kemiskinan/Kesejahteraan Masyarakat,,,Produksi/Eksplorasi Pertambangan,,,,,,,,,,,,,,Kemiskinan/Kesejahteraan Masyarakat,,Dampak dan Kerusakan Lingkungan,,,,,,,,,,,,,,,Mineral Kritis,Mineral Kritis,Tidak,Ya,Tidak
Sigi,Kemiskinan/Kesejahteraan Masyarakat,Lapangan Pekerjaan,Dampak Kerusakan Lingkungan,,,,Pendidikan,Kesehatan,Pelayanan Publik,Ketimpangan Pembangunan antara daerah,,Krisis Iklim/Perubahan Iklim,,,Kontestasi Politik di Pilkada,,,Kemiskinan/Kesejahteraan Masyarakat,Lapangan Pekerjaan,,,"Bencana Alam (Banjir, Gempa Bumi, Abrasi, Longsor, dsb)",,Pendidikan,Kesehatan,,Ketimpangan Pembangunan antara daerah,,Krisis Iklim/Perubahan Iklim,,,Kontestasi Politik di Pilkada,,,Krisis Iklim/Perubahan Iklim,Krisis Iklim/Perubahan Iklim,Ya,Ya,Ya
Morowali,Kemiskinan/Kesejahteraan Masyarakat,,Dampak Kerusakan Lingkungan,Produksi/Eksplorasi Pertambangan,"Bencana Alam (Banjir, Gempa Bumi, Abrasi, Longsor, dsb)",,,,,,,,,,,,,,Lapangan Pekerjaan,Dampak dan Kerusakan Lingkungan,,"Bencana Alam (Banjir, Gempa Bumi, Abrasi, Longsor, dsb)",,,,,,,,,,,,,Krisis Iklim/Perubahan Iklim,Krisis Iklim/Perubahan Iklim,Ya,Ya,Tidak Tahu
Prov Palu,Kemiskinan/Kesejahteraan Masyarakat,,Dampak Kerusakan Lingkungan,Produksi/Eksplorasi Pertambangan,"Bencana Alam (Banjir, Gempa Bumi, Abrasi, Longsor, dsb)",,,,,,,,,,Kontestasi Politik di Pilkada,,,Kemiskinan/Kesejahteraan Masyarakat,,,,,,,,,,,,,,,,,Krisis Iklim/Perubahan Iklim,Transisi Energi,Tidak,Ya,Tidak
Prov Palu,Kemiskinan/Kesejahteraan Masyarakat,Lapangan Pekerjaan,,Produksi/Eksplorasi Pertambangan,"Bencana Alam (Banjir, Gempa Bumi, Abrasi, Longsor, dsb)",Energi Baru dan Terbarukan,,,,,,,,,,,,Kemiskinan/Kesejahteraan Masyarakat,Lapangan Pekerjaan,Dampak dan Kerusakan Lingkungan,Produksi/Eksplorasi Pertambangan,"Bencana Alam (Banjir, Gempa Bumi, Abrasi, Longsor, dsb)",Energi Baru dan Terbarukan,Pendidikan,,,,,,,,,,,Energi Baru Terbarukan (EBT),Energi Baru Terbarukan (EBT),Tidak,Tidak,Tidak
Prov Palu,,,Dampak Kerusakan Lingkungan,Produksi/Eksplorasi Pertambangan,"Bencana Alam (Banjir, Gempa Bumi, Abrasi, Longsor, dsb)",,,,Pelayanan Publik,,,,Praktik Korupsi dan Penyalahgunaan Kewenangan,,Kontestasi Politik di Pilkada,,,Kemiskinan/Kesejahteraan Masyarakat,Lapangan Pekerjaan,Dampak dan Kerusakan Lingkungan,Produksi/Eksplorasi Pertambangan,"Bencana Alam (Banjir, Gempa Bumi, Abrasi, Longsor, dsb)",,,,Pelayanan Publik,,,,,,,,,Krisis Iklim/Perubahan Iklim,Krisis Iklim/Perubahan Iklim,Ya,Ya,Ya
Morowali,Kemiskinan/Kesejahteraan Masyarakat,,,Produksi/Eksplorasi Pertambangan,,,,,,,,,,,,,,Kemiskinan/Kesejahteraan Masyarakat,,,Produksi/Eksplorasi Pertambangan,,,,,,,,,,,,,,Krisis Iklim/Perubahan Iklim,Krisis Iklim/Perubahan Iklim,Ya,Ya,Tidak Tahu
Prov Palu,Kemiskinan/Kesejahteraan Masyarakat,Lapangan Pekerjaan,Dampak Kerusakan Lingkungan,Produksi/Eksplorasi Pertambangan,"Bencana Alam (Banjir, Gempa Bumi, Abrasi, Longsor, dsb)",,,,,,,,,,Kontestasi Politik di Pilkada,,,Kemiskinan/Kesejahteraan Masyarakat,Lapangan Pekerjaan,,Produksi/Eksplorasi Pertambangan,,,,Kesehatan,Pelayanan Publik,,,,,,,,,Krisis Iklim/Perubahan Iklim,Mineral Kritis,Ya,Ya,Ya
Sigi,Kemiskinan/Kesejahteraan Masyarakat,Lapangan Pekerjaan,Dampak Kerusakan Lingkungan,,,,Pendidikan,Kesehatan,Pelayanan Publik,Ketimpangan Pembangunan antara daerah,,Krisis Iklim/Perubahan Iklim,,Turisme/Pariwisata,Kontestasi Politik di Pilkada,,,Kemiskinan/Kesejahteraan Masyarakat,Lapangan Pekerjaan,Dampak dan Kerusakan Lingkungan,,"Bencana Alam (Banjir, Gempa Bumi, Abrasi, Longsor, dsb)",,Pendidikan,Kesehatan,,Ketimpangan Pembangunan antara daerah,,Krisis Iklim/Perubahan Iklim,,Turisme/Pariwisata,Kontestasi Politik di Pilkada,,,Krisis Iklim/Perubahan Iklim,Krisis Iklim/Perubahan Iklim,Ya,Ya,Ya
Prov Palu,,,Dampak Kerusakan Lingkungan,Produksi/Eksplorasi Pertambangan,,,,Kesehatan,,,,Krisis Iklim/Perubahan Iklim,,,,,,,,,,,,,,,,,Krisis Iklim/Perubahan Iklim,,,,Kelangkaan/Kekeringan Air Bersih,,Krisis Iklim/Perubahan Iklim,Mineral Kritis,Ya,Ya,Tidak
Morowali,,,Dampak Kerusakan Lingkungan,Produksi/Eksplorasi Pertambangan,"Bencana Alam (Banjir, Gempa Bumi, Abrasi, Longsor, dsb)",,,,,,,Krisis Iklim/Perubahan Iklim,,,,,,,,Dampak dan Kerusakan Lingkungan,Produksi/Eksplorasi Pertambangan,"Bencana Alam (Banjir, Gempa Bumi, Abrasi, Longsor, dsb)",,,,,,,Krisis Iklim/Perubahan Iklim,,,,,,Krisis Iklim/Perubahan Iklim,Krisis Iklim/Perubahan Iklim,Ya,Ya,Tidak
Morowali,Kemiskinan/Kesejahteraan Masyarakat,,Dampak Kerusakan Lingkungan,,,,,,,,,,,,,,,Kemiskinan/Kesejahteraan Masyarakat,,,,,,,,,,,,,,,,,Krisis Iklim/Perubahan Iklim,Mineral Kritis,Ya,Ya,Ya
Prov Palu,,,Dampak Kerusakan Lingkungan,Produksi/Eksplorasi Pertambangan,"Bencana Alam (Banjir, Gempa Bumi, Abrasi, Longsor, dsb)",,,,,,,Krisis Iklim/Perubahan Iklim,,,,,Lainnya,,,Dampak dan Kerusakan Lingkungan,Produksi/Eksplorasi Pertambangan,"Bencana Alam (Banjir, Gempa Bumi, Abrasi, Longsor, dsb)",,,,,,,Krisis Iklim/Perubahan Iklim,,,,,,Krisis Iklim/Perubahan Iklim,Krisis Iklim/Perubahan Iklim,Ya,Ya,Ya
Prov Palu,Kemiskinan/Kesejahteraan Masyarakat,,Dampak Kerusakan Lingkungan,Produksi/Eksplorasi Pertambangan,,,,,,,,,Praktik Korupsi dan Penyalahgunaan Kewenangan,,Kontestasi Politik di Pilkada,,,Kemiskinan/Kesejahteraan Masyarakat,,,,,,Pendidikan,Kesehatan,,,,,,,,,,Krisis Iklim/Perubahan Iklim,Krisis Iklim/Perubahan Iklim,Ya,Ya,Tidak
Kota Palu,Kemiskinan/Kesejahteraan Masyarakat,Lapangan Pekerjaan,,Produksi/Eksplorasi Pertambangan,,,Pendidikan,,,Ketimpangan Pembangunan antara daerah,,,,,,,,Kemiskinan/Kesejahteraan Masyarakat,Lapangan Pekerjaan,Dampak dan Kerusakan Lingkungan,Produksi/Eksplorasi Pertambangan,,,Pendidikan,,,,,,,,,,,Krisis Iklim/Perubahan Iklim,Krisis Iklim/Perubahan Iklim,Tidak,Ya,Ya
Morowali Utara,,Lapangan Pekerjaan,,Produksi/Eksplorasi Pertambangan,"Bencana Alam (Banjir, Gempa Bumi, Abrasi, Longsor, dsb)",,,,Pelayanan Publik,,,Krisis Iklim/Perubahan Iklim,,,,,Lainnya,Kemiskinan/Kesejahteraan Masyarakat,Lapangan Pekerjaan,Dampak dan Kerusakan Lingkungan,Produksi/Eksplorasi Pertambangan,"Bencana Alam (Banjir, Gempa Bumi, Abrasi, Longsor, dsb)",,Pendidikan,Kesehatan,Pelayanan Publik,,,Krisis Iklim/Perubahan Iklim,,,,,Lainnya,Krisis Iklim/Perubahan Iklim,Energi Baru Terbarukan (EBT),Ya,Tidak,Ya
Morowali,,,,,,,,,Pelayanan Publik,,,,,,Kontestasi Politik di Pilkada,,,,,,,,,,,,,,,,,,,Lainnya,Krisis Iklim/Perubahan Iklim,Krisis Iklim/Perubahan Iklim,Ya,Ya,Tidak
Morowali Utara,Kemiskinan/Kesejahteraan Masyarakat,Lapangan Pekerjaan,,,,Energi Baru dan Terbarukan,Pendidikan,,,Ketimpangan Pembangunan antara daerah,,Krisis Iklim/Perubahan Iklim,,,,,,Kemiskinan/Kesejahteraan Masyarakat,Lapangan Pekerjaan,,,,Energi Baru dan Terbarukan,Pendidikan,,,Ketimpangan Pembangunan antara daerah,,Krisis Iklim/Perubahan Iklim,Praktik Korupsi dan Penyalahgunaan Kewenangan,,,,,Transisi Energi,Transisi Energi,Ya,Ya,Ya
Morowali Utara,Kemiskinan/Kesejahteraan Masyarakat,Lapangan Pekerjaan,Dampak Kerusakan Lingkungan,Produksi/Eksplorasi Pertambangan,,,Pendidikan,,,Ketimpangan Pembangunan antara daerah,Kelangkaan dan Naiknya Harga Kebutuhan Pokok,,Praktik Korupsi dan Penyalahgunaan Kewenangan,,,,,Kemiskinan/Kesejahteraan Masyarakat,Lapangan Pekerjaan,,,,,Pendidikan,,,,Kelangkaan dan Naiknya Harga Kebutuhan Pokok,,,,,,,Krisis Iklim/Perubahan Iklim,Transisi Energi,Ya,Ya,Tidak
Prov Palu,,,,Produksi/Eksplorasi Pertambangan,,,,,,,Kelangkaan dan Naiknya Harga Kebutuhan Pokok,,,,Kontestasi Politik di Pilkada,,Lainnya,Kemiskinan/Kesejahteraan Masyarakat,,,,,,Pendidikan,Kesehatan,Pelayanan Publik,,,,Praktik Korupsi dan Penyalahgunaan Kewenangan,,Kontestasi Politik di Pilkada,Kelangkaan/Kekeringan Air Bersih,,Mineral Kritis,Mineral Kritis,Tidak,Tidak,Tidak
Prov Palu,,,,Produksi/Eksplorasi Pertambangan,"Bencana Alam (Banjir, Gempa Bumi, Abrasi, Longsor, dsb)",,,,,,,,Praktik Korupsi dan Penyalahgunaan Kewenangan,,Kontestasi Politik di Pilkada,,,Kemiskinan/Kesejahteraan Masyarakat,Lapangan Pekerjaan,Dampak dan Kerusakan Lingkungan,Produksi/Eksplorasi Pertambangan,,,Pendidikan,Kesehatan,Pelayanan Publik,Ketimpangan Pembangunan antara daerah,,,Praktik Korupsi dan Penyalahgunaan Kewenangan,,,,,Mineral Kritis,Mineral Kritis,Ya,Ya,Tidak
Morowali,Kemiskinan/Kesejahteraan Masyarakat,,Dampak Kerusakan Lingkungan,Produksi/Eksplorasi Pertambangan,,,,,,,,,,,,,,,,Dampak dan Kerusakan Lingkungan,Produksi/Eksplorasi Pertambangan,,,,,,,,,,,,,,Mineral Kritis,Mineral Kritis,Ya,Ya,Tidak
Sigi,Kemiskinan/Kesejahteraan Masyarakat,Lapangan Pekerjaan,Dampak Kerusakan Lingkungan,,"Bencana Alam (Banjir, Gempa Bumi, Abrasi, Longsor, dsb)",Energi Baru dan Terbarukan,,,,,,Krisis Iklim/Perubahan Iklim,,,,,,Kemiskinan/Kesejahteraan Masyarakat,Lapangan Pekerjaan,,,"Bencana Alam (Banjir, Gempa Bumi, Abrasi, Longsor, dsb)",,,,,,,Krisis Iklim/Perubahan Iklim,,,,,,Krisis Iklim/Perubahan Iklim,Krisis Iklim/Perubahan Iklim,Ya,Ya,Tidak
Morowali,,,Dampak Kerusakan Lingkungan,Produksi/Eksplorasi Pertambangan,"Bencana Alam (Banjir, Gempa Bumi, Abrasi, Longsor, dsb)",,,,,,,Krisis Iklim/Perubahan Iklim,,,,,,,,Dampak dan Kerusakan Lingkungan,Produksi/Eksplorasi Pertambangan,"Bencana Alam (Banjir, Gempa Bumi, Abrasi, Longsor, dsb)",,,,,,,Krisis Iklim/Perubahan Iklim,,,,,,Krisis Iklim/Perubahan Iklim,Krisis Iklim/Perubahan Iklim,Ya,Ya,Tidak Tahu
Morowali,,,Dampak Kerusakan Lingkungan,,"Bencana Alam (Banjir, Gempa Bumi, Abrasi, Longsor, dsb)",,,,,,,,Praktik Korupsi dan Penyalahgunaan Kewenangan,,,,,,,Dampak dan Kerusakan Lingkungan,,"Bencana Alam (Banjir, Gempa Bumi, Abrasi, Longsor, dsb)",,,,,,,Krisis Iklim/Perubahan Iklim,,,,,,Krisis Iklim/Perubahan Iklim,Krisis Iklim/Perubahan Iklim,Tidak,Ya,Tidak Tahu
Sigi,Kemiskinan/Kesejahteraan Masyarakat,Lapangan Pekerjaan,,,,,,,,,,,Praktik Korupsi dan Penyalahgunaan Kewenangan,,,,,Kemiskinan/Kesejahteraan Masyarakat,,,,,,,,,,,,,,,,,,Krisis Iklim/Perubahan Iklim,Ya,Tidak,Tidak
Morowali,,,Dampak Kerusakan Lingkungan,,"Bencana Alam (Banjir, Gempa Bumi, Abrasi, Longsor, dsb)",,,,,,,Krisis Iklim/Perubahan Iklim,,,,,,,,Dampak dan Kerusakan Lingkungan,,"Bencana Alam (Banjir, Gempa Bumi, Abrasi, Longsor, dsb)",,,,,,,Krisis Iklim/Perubahan Iklim,,,,,,Krisis Iklim/Perubahan Iklim,Krisis Iklim/Perubahan Iklim,Ya,Ya,Tidak Tahu
Prov Palu,Kemiskinan/Kesejahteraan Masyarakat,Lapangan Pekerjaan,Dampak Kerusakan Lingkungan,Produksi/Eksplorasi Pertambangan,"Bencana Alam (Banjir, Gempa Bumi, Abrasi, Longsor, dsb)",,Pendidikan,Kesehatan,Pelayanan Publik,Ketimpangan Pembangunan antara daerah,Kelangkaan dan Naiknya Harga Kebutuhan Pokok,Krisis Iklim/Perubahan Iklim,Praktik Korupsi dan Penyalahgunaan Kewenangan,Turisme/Pariwisata,Kontestasi Politik di Pilkada,Kelangkaan/Kekeringan Air Bersih,,Kemiskinan/Kesejahteraan Masyarakat,,,,"Bencana Alam (Banjir, Gempa Bumi, Abrasi, Longsor, dsb)",,,,,,,,,,,,,Krisis Iklim/Perubahan Iklim,Mineral Kritis,Ya,Ya,Tidak
Sigi,Kemiskinan/Kesejahteraan Masyarakat,,Dampak Kerusakan Lingkungan,,"Bencana Alam (Banjir, Gempa Bumi, Abrasi, Longsor, dsb)",,,,,Ketimpangan Pembangunan antara daerah,,,,,,,,Kemiskinan/Kesejahteraan Masyarakat,,,Produksi/Eksplorasi Pertambangan,"Bencana Alam (Banjir, Gempa Bumi, Abrasi, Longsor, dsb)",,,,,,,Krisis Iklim/Perubahan Iklim,,,,,,Krisis Iklim/Perubahan Iklim,Krisis Iklim/Perubahan Iklim,Tidak,Ya,Ya
Morowali,,,Dampak Kerusakan Lingkungan,,"Bencana Alam (Banjir, Gempa Bumi, Abrasi, Longsor, dsb)",,,,,,,,,,,,,,,Dampak dan Kerusakan Lingkungan,,"Bencana Alam (Banjir, Gempa Bumi, Abrasi, Longsor, dsb)",,,,,,,,,,,,,Krisis Iklim/Perubahan Iklim,Krisis Iklim/Perubahan Iklim,Ya,Ya,Tidak Tahu
Morowali,,,Dampak Kerusakan Lingkungan,,"Bencana Alam (Banjir, Gempa Bumi, Abrasi, Longsor, dsb)",,,,,,,Krisis Iklim/Perubahan Iklim,,,,,,,,Dampak dan Kerusakan Lingkungan,,"Bencana Alam (Banjir, Gempa Bumi, Abrasi, Longsor, dsb)",,,,,,,Krisis Iklim/Perubahan Iklim,,,,,,Krisis Iklim/Perubahan Iklim,Krisis Iklim/Perubahan Iklim,Ya,Ya,Tidak Tahu
Morowali,Kemiskinan/Kesejahteraan Masyarakat,,,Produksi/Eksplorasi Pertambangan,,,,,,,,,,,,,,Kemiskinan/Kesejahteraan Masyarakat,,,,,,,,,,,,,,,,,Krisis Iklim/Perubahan Iklim,Krisis Iklim/Perubahan Iklim,Ya,Ya,Ya
Morowali,,,Dampak Kerusakan Lingkungan,,"Bencana Alam (Banjir, Gempa Bumi, Abrasi, Longsor, dsb)",,,,,,,Krisis Iklim/Perubahan Iklim,,,,,,,,Dampak dan Kerusakan Lingkungan,,"Bencana Alam (Banjir, Gempa Bumi, Abrasi, Longsor, dsb)",,,,,,,Krisis Iklim/Perubahan Iklim,,,,,,Krisis Iklim/Perubahan Iklim,Krisis Iklim/Perubahan Iklim,Ya,Ya,Tidak Tahu
Morowali,,,Dampak Kerusakan Lingkungan,,,,,,,,,,,,,,,Kemiskinan/Kesejahteraan Masyarakat,Lapangan Pekerjaan,,,,,,,,,,,,,,,,Mineral Kritis,Krisis Iklim/Perubahan Iklim,Tidak,Ya,Tidak
Morowali,Kemiskinan/Kesejahteraan Masyarakat,Lapangan Pekerjaan,,,,,,,,,,,,,,,,Kemiskinan/Kesejahteraan Masyarakat,Lapangan Pekerjaan,,,,,,,,,,,,,,,,Krisis Iklim/Perubahan Iklim,Krisis Iklim/Perubahan Iklim,Ya,Ya,Tidak Tahu
Kota Palu,Kemiskinan/Kesejahteraan Masyarakat,Lapangan Pekerjaan,,Produksi/Eksplorasi Pertambangan,"Bencana Alam (Banjir, Gempa Bumi, Abrasi, Longsor, dsb)",,,,,,,,,,,,,Kemiskinan/Kesejahteraan Masyarakat,Lapangan Pekerjaan,,,"Bencana Alam (Banjir, Gempa Bumi, Abrasi, Longsor, dsb)",,,,,,,,,,,,,Krisis Iklim/Perubahan Iklim,Krisis Iklim/Perubahan Iklim,Ya,Ya,Tidak
Morowali,,,Dampak Kerusakan Lingkungan,,,,,Kesehatan,Pelayanan Publik,,,,,,,,,,,Dampak dan Kerusakan Lingkungan,,,,,Kesehatan,Pelayanan Publik,,,,,,,,,Krisis Iklim/Perubahan Iklim,Krisis Iklim/Perubahan Iklim,Ya,Tidak,Tidak Tahu
Sigi,Kemiskinan/Kesejahteraan Masyarakat,,,,"Bencana Alam (Banjir, Gempa Bumi, Abrasi, Longsor, dsb)",,,,Pelayanan Publik,,,,,,Kontestasi Politik di Pilkada,,,Kemiskinan/Kesejahteraan Masyarakat,,,,"Bencana Alam (Banjir, Gempa Bumi, Abrasi, Longsor, dsb)",,,,Pelayanan Publik,,,,,,Kontestasi Politik di Pilkada,,,Transisi Energi,Mineral Kritis,Ya,Tidak,Ya
Morowali,,,,,,,,,Pelayanan Publik,,,,,,Kontestasi Politik di Pilkada,,,,,Dampak dan Kerusakan Lingkungan,,,,,,,,,,,,,,,Energi Baru Terbarukan (EBT),Energi Baru Terbarukan (EBT),Tidak,Ya,Tidak
Prov Palu,Kemiskinan/Kesejahteraan Masyarakat,Lapangan Pekerjaan,,,,,,,,,Kelangkaan dan Naiknya Harga Kebutuhan Pokok,,,,,,,,,,,"Bencana Alam (Banjir, Gempa Bumi, Abrasi, Longsor, dsb)",,,,,,,,,,,,,Krisis Iklim/Perubahan Iklim,Transisi Energi,Ya,Ya,Tidak Tahu
Prov Palu,Kemiskinan/Kesejahteraan Masyarakat,,,,"Bencana Alam (Banjir, Gempa Bumi, Abrasi, Longsor, dsb)",,,,,,,,,,,Kelangkaan/Kekeringan Air Bersih,,,,,,,,,,,,Kelangkaan dan Naiknya Harga Kebutuhan Pokok,,,,,Kelangkaan/Kekeringan Air Bersih,,Krisis Iklim/Perubahan Iklim,Mineral Kritis,Ya,Ya,Tidak Tahu
Prov Palu,,,,Produksi/Eksplorasi Pertambangan,,,Pendidikan,Kesehatan,Pelayanan Publik,,,,,,Kontestasi Politik di Pilkada,,,,,,,,,,Kesehatan,,Ketimpangan Pembangunan antara daerah,,,,,,,,Energi Baru Terbarukan (EBT),Energi Baru Terbarukan (EBT),Ya,Ya,Tidak
Morowali,,Lapangan Pekerjaan,Dampak Kerusakan Lingkungan,,,,,,,,Kelangkaan dan Naiknya Harga Kebutuhan Pokok,,,,Kontestasi Politik di Pilkada,,,,Lapangan Pekerjaan,Dampak dan Kerusakan Lingkungan,,,,,,,,Kelangkaan dan Naiknya Harga Kebutuhan Pokok,,,,Kontestasi Politik di Pilkada,,,Mineral Kritis,Transisi Energi,Tidak,Ya,Tidak
Morowali,Kemiskinan/Kesejahteraan Masyarakat,Lapangan Pekerjaan,,,,,,,,,,,,,,,,Kemiskinan/Kesejahteraan Masyarakat,Lapangan Pekerjaan,,,,,,,,,,,,,,,,Transisi Energi,Krisis Iklim/Perubahan Iklim,Tidak,Tidak,Ya
Prov Palu,Kemiskinan/Kesejahteraan Masyarakat,Lapangan Pekerjaan,,,,Energi Baru dan Terbarukan,Pendidikan,Kesehatan,,,,,,,,,,Kemiskinan/Kesejahteraan Masyarakat,Lapangan Pekerjaan,Dampak dan Kerusakan Lingkungan,Produksi/Eksplorasi Pertambangan,"Bencana Alam (Banjir, Gempa Bumi, Abrasi, Longsor, dsb)",,,,,Ketimpangan Pembangunan antara daerah,,,,,,Kelangkaan/Kekeringan Air Bersih,,Mineral Kritis,Mineral Kritis,Ya,Ya,Tidak
Sigi,,,,,"Bencana Alam (Banjir, Gempa Bumi, Abrasi, Longsor, dsb)",Energi Baru dan Terbarukan,,,,,,Krisis Iklim/Perubahan Iklim,,,Kontestasi Politik di Pilkada,,,Kemiskinan/Kesejahteraan Masyarakat,,,,"Bencana Alam (Banjir, Gempa Bumi, Abrasi, Longsor, dsb)",Energi Baru dan Terbarukan,,,,,,,,,Kontestasi Politik di Pilkada,,,Energi Baru Terbarukan (EBT),Energi Baru Terbarukan (EBT),Ya,Ya,Tidak
Morowali,Kemiskinan/Kesejahteraan Masyarakat,,,,,,,,,,,,,,,,,,,,,"Bencana Alam (Banjir, Gempa Bumi, Abrasi, Longsor, dsb)",,,,,,,,,,,,,Krisis Iklim/Perubahan Iklim,Mineral Kritis,Ya,Tidak,Ya
Prov Palu,Kemiskinan/Kesejahteraan Masyarakat,,,Produksi/Eksplorasi Pertambangan,"Bencana Alam (Banjir, Gempa Bumi, Abrasi, Longsor, dsb)",,,,,,,,,,Kontestasi Politik di Pilkada,,,Kemiskinan/Kesejahteraan Masyarakat,,,,,,,,,,,,,,,,,Energi Baru Terbarukan (EBT),Energi Baru Terbarukan (EBT),Ya,Ya,Ya
Sigi,Kemiskinan/Kesejahteraan Masyarakat,Lapangan Pekerjaan,,Produksi/Eksplorasi Pertambangan,,,,Kesehatan,Pelayanan Publik,Ketimpangan Pembangunan antara daerah,,,,,Kontestasi Politik di Pilkada,,,Kemiskinan/Kesejahteraan Masyarakat,Lapangan Pekerjaan,,Produksi/Eksplorasi Pertambangan,,Energi Baru dan Terbarukan,,,,Ketimpangan Pembangunan antara daerah,,,,,Kontestasi Politik di Pilkada,,,Mineral Kritis,Mineral Kritis,Ya,Ya,Ya
Morowali,,,Dampak Kerusakan Lingkungan,,,,Pendidikan,Kesehatan,,,,,,,,,,,,Dampak dan Kerusakan Lingkungan,,,,,,,,,,,,,,,Krisis Iklim/Perubahan Iklim,Krisis Iklim/Perubahan Iklim,Tidak,Tidak,Ya
Kota Palu,,,Dampak Kerusakan Lingkungan,,"Bencana Alam (Banjir, Gempa Bumi, Abrasi, Longsor, dsb)",Energi Baru dan Terbarukan,,,,,,,,,,,,,,Dampak dan Kerusakan Lingkungan,,"Bencana Alam (Banjir, Gempa Bumi, Abrasi, Longsor, dsb)",,,,,,,Krisis Iklim/Perubahan Iklim,,,,,,Mineral Kritis,Mineral Kritis,Ya,Ya,Ya
Morowali,Kemiskinan/Kesejahteraan Masyarakat,Lapangan Pekerjaan,Dampak Kerusakan Lingkungan,Produksi/Eksplorasi Pertambangan,,,,,,,,Krisis Iklim/Perubahan Iklim,,,,,,Kemiskinan/Kesejahteraan Masyarakat,Lapangan Pekerjaan,Dampak dan Kerusakan Lingkungan,Produksi/Eksplorasi Pertambangan,"Bencana Alam (Banjir, Gempa Bumi, Abrasi, Longsor, dsb)",,,,,,,,,,,,,Krisis Iklim/Perubahan Iklim,Krisis Iklim/Perubahan Iklim,Tidak,Ya,Tidak Tahu
Morowali,Kemiskinan/Kesejahteraan Masyarakat,,Dampak Kerusakan Lingkungan,,"Bencana Alam (Banjir, Gempa Bumi, Abrasi, Longsor, dsb)",,,,,,,,,,,,,Kemiskinan/Kesejahteraan Masyarakat,,Dampak dan Kerusakan Lingkungan,,,,,,,,,,,,,,,Mineral Kritis,Mineral Kritis,Tidak,Ya,Tidak Tahu
Morowali Utara,Kemiskinan/Kesejahteraan Masyarakat,,Dampak Kerusakan Lingkungan,,"Bencana Alam (Banjir, Gempa Bumi, Abrasi, Longsor, dsb)",,,,,,,,,,,,,Kemiskinan/Kesejahteraan Masyarakat,,Dampak dan Kerusakan Lingkungan,,"Bencana Alam (Banjir, Gempa Bumi, Abrasi, Longsor, dsb)",,,,,,,,,,,,,Krisis Iklim/Perubahan Iklim,Krisis Iklim/Perubahan Iklim,Ya,Ya,Ya
Sigi,Kemiskinan/Kesejahteraan Masyarakat,Lapangan Pekerjaan,Dampak Kerusakan Lingkungan,,"Bencana Alam (Banjir, Gempa Bumi, Abrasi, Longsor, dsb)",,Pendidikan,Kesehatan,Pelayanan Publik,,,Krisis Iklim/Perubahan Iklim,Praktik Korupsi dan Penyalahgunaan Kewenangan,Turisme/Pariwisata,,,,Kemiskinan/Kesejahteraan Masyarakat,,Dampak dan Kerusakan Lingkungan,,"Bencana Alam (Banjir, Gempa Bumi, Abrasi, Longsor, dsb)",,Pendidikan,Kesehatan,,,,Krisis Iklim/Perubahan Iklim,Praktik Korupsi dan Penyalahgunaan Kewenangan,,,,,Krisis Iklim/Perubahan Iklim,Krisis Iklim/Perubahan Iklim,Ya,Ya,Ya
Morowali Utara,Kemiskinan/Kesejahteraan Masyarakat,,Dampak Kerusakan Lingkungan,,"Bencana Alam (Banjir, Gempa Bumi, Abrasi, Longsor, dsb)",,,,,,,,,,,,,Kemiskinan/Kesejahteraan Masyarakat,,Dampak dan Kerusakan Lingkungan,,"Bencana Alam (Banjir, Gempa Bumi, Abrasi, Longsor, dsb)",,,,,,,,,,,,,Krisis Iklim/Perubahan Iklim,Krisis Iklim/Perubahan Iklim,Ya,Ya,Ya
Kota Palu,Kemiskinan/Kesejahteraan Masyarakat,Lapangan Pekerjaan,,,,,Pendidikan,,Pelayanan Publik,Ketimpangan Pembangunan antara daerah,Kelangkaan dan Naiknya Harga Kebutuhan Pokok,,,,,,,Kemiskinan/Kesejahteraan Masyarakat,Lapangan Pekerjaan,Dampak dan Kerusakan Lingkungan,,,,Pendidikan,,,,,,,,,,,Transisi Energi,Energi Baru Terbarukan (EBT),Tidak,Ya,Ya
Prov Palu,Kemiskinan/Kesejahteraan Masyarakat,Lapangan Pekerjaan,Dampak Kerusakan Lingkungan,,"Bencana Alam (Banjir, Gempa Bumi, Abrasi, Longsor, dsb)",,Pendidikan,Kesehatan,Pelayanan Publik,Ketimpangan Pembangunan antara daerah,Kelangkaan dan Naiknya Harga Kebutuhan Pokok,,Praktik Korupsi dan Penyalahgunaan Kewenangan,,Kontestasi Politik di Pilkada,,,Kemiskinan/Kesejahteraan Masyarakat,,Dampak dan Kerusakan Lingkungan,,"Bencana Alam (Banjir, Gempa Bumi, Abrasi, Longsor, dsb)",,Pendidikan,Kesehatan,Pelayanan Publik,,,,,,,,Lainnya,Energi Baru Terbarukan (EBT),Energi Baru Terbarukan (EBT),Ya,Ya,Ya
Kota Palu,,,,,,,,,Pelayanan Publik,,,,,,,,,,,,,,,,,Pelayanan Publik,,,,,,,,,Krisis Iklim/Perubahan Iklim,Krisis Iklim/Perubahan Iklim,Tidak,Ya,Tidak Tahu
Prov Palu,Kemiskinan/Kesejahteraan Masyarakat,Lapangan Pekerjaan,,,"Bencana Alam (Banjir, Gempa Bumi, Abrasi, Longsor, dsb)",,Pendidikan,Kesehatan,Pelayanan Publik,Ketimpangan Pembangunan antara daerah,Kelangkaan dan Naiknya Harga Kebutuhan Pokok,,,Turisme/Pariwisata,Kontestasi Politik di Pilkada,,,,,Dampak dan Kerusakan Lingkungan,Produksi/Eksplorasi Pertambangan,,,,,,,,,,,,,,Transisi Energi,Krisis Iklim/Perubahan Iklim,Ya,Ya,Tidak
Sigi,Kemiskinan/Kesejahteraan Masyarakat,Lapangan Pekerjaan,,Produksi/Eksplorasi Pertambangan,"Bencana Alam (Banjir, Gempa Bumi, Abrasi, Longsor, dsb)",,,Kesehatan,,,,,Praktik Korupsi dan Penyalahgunaan Kewenangan,Turisme/Pariwisata,Kontestasi Politik di Pilkada,,,Kemiskinan/Kesejahteraan Masyarakat,,,,"Bencana Alam (Banjir, Gempa Bumi, Abrasi, Longsor, dsb)",Energi Baru dan Terbarukan,Pendidikan,Kesehatan,Pelayanan Publik,,,,,,,,,Energi Baru Terbarukan (EBT),Energi Baru Terbarukan (EBT),Ya,Ya,Tidak
Prov Palu,,,Dampak Kerusakan Lingkungan,Produksi/Eksplorasi Pertambangan,"Bencana Alam (Banjir, Gempa Bumi, Abrasi, Longsor, dsb)",,,,,,,,,,,,,Kemiskinan/Kesejahteraan Masyarakat,,Dampak dan Kerusakan Lingkungan,,,,,,,,,,,,,,,Krisis Iklim/Perubahan Iklim,Krisis Iklim/Perubahan Iklim,Tidak,Tidak,Ya
Sigi,Kemiskinan/Kesejahteraan Masyarakat,,,,"Bencana Alam (Banjir, Gempa Bumi, Abrasi, Longsor, dsb)",,,,,,,,,,Kontestasi Politik di Pilkada,,,Kemiskinan/Kesejahteraan Masyarakat,,,,,,,,,,Kelangkaan dan Naiknya Harga Kebutuhan Pokok,,,,,,,Krisis Iklim/Perubahan Iklim,Mineral Kritis,Tidak,Ya,Tidak
Prov Palu,Kemiskinan/Kesejahteraan Masyarakat,,Dampak Kerusakan Lingkungan,Produksi/Eksplorasi Pertambangan,,,,,,,,,,,,,,Kemiskinan/Kesejahteraan Masyarakat,Lapangan Pekerjaan,,,,,Pendidikan,Kesehatan,,,,,,,,,,Transisi Energi,Krisis Iklim/Perubahan Iklim,Ya,Ya,Tidak
Sigi,Kemiskinan/Kesejahteraan Masyarakat,,,,"Bencana Alam (Banjir, Gempa Bumi, Abrasi, Longsor, dsb)",Energi Baru dan Terbarukan,,Kesehatan,Pelayanan Publik,,,,,,,,,Kemiskinan/Kesejahteraan Masyarakat,,,,"Bencana Alam (Banjir, Gempa Bumi, Abrasi, Longsor, dsb)",,Pendidikan,Kesehatan,,,,Krisis Iklim/Perubahan Iklim,,,,,,Mineral Kritis,Krisis Iklim/Perubahan Iklim,Ya,Ya,Ya
Prov Palu,,Lapangan Pekerjaan,,,,,,,,,,Krisis Iklim/Perubahan Iklim,,,,Kelangkaan/Kekeringan Air Bersih,,,Lapangan Pekerjaan,Dampak dan Kerusakan Lingkungan,,"Bencana Alam (Banjir, Gempa Bumi, Abrasi, Longsor, dsb)",,,Kesehatan,,,,,,,,Kelangkaan/Kekeringan Air Bersih,,Transisi Energi,Transisi Energi,Ya,Ya,Tidak
Prov Palu,,,Dampak Kerusakan Lingkungan,,"Bencana Alam (Banjir, Gempa Bumi, Abrasi, Longsor, dsb)",,,,,,,,,,Kontestasi Politik di Pilkada,,,,,,Produksi/Eksplorasi Pertambangan,"Bencana Alam (Banjir, Gempa Bumi, Abrasi, Longsor, dsb)",,,,,,,Krisis Iklim/Perubahan Iklim,,,Kontestasi Politik di Pilkada,,,Krisis Iklim/Perubahan Iklim,Krisis Iklim/Perubahan Iklim,Ya,Ya,Tidak
Sigi,Kemiskinan/Kesejahteraan Masyarakat,,,,,Energi Baru dan Terbarukan,,,,,,,,,,,,Kemiskinan/Kesejahteraan Masyarakat,,,,,,Pendidikan,Kesehatan,,,,,,,,,,Transisi Energi,Transisi Energi,Tidak,Tidak,Ya
Prov Palu,,Lapangan Pekerjaan,,,,,,,,,,,,,Kontestasi Politik di Pilkada,,,Kemiskinan/Kesejahteraan Masyarakat,,,,,,,,,,,,,,,,,Energi Baru Terbarukan (EBT),Energi Baru Terbarukan (EBT),Tidak,Tidak,Tidak
Kota Palu,Kemiskinan/Kesejahteraan Masyarakat,,,,"Bencana Alam (Banjir, Gempa Bumi, Abrasi, Longsor, dsb)",Energi Baru dan Terbarukan,Pendidikan,,,,,,,,,,,,,,,,,,,,,,,,,,,,,Krisis Iklim/Perubahan Iklim,Ya,Ya,Ya
Prov Palu,,Lapangan Pekerjaan,Dampak Kerusakan Lingkungan,,"Bencana Alam (Banjir, Gempa Bumi, Abrasi, Longsor, dsb)",,Pendidikan,,Pelayanan Publik,Ketimpangan Pembangunan antara daerah,,,Praktik Korupsi dan Penyalahgunaan Kewenangan,,Kontestasi Politik di Pilkada,,,Kemiskinan/Kesejahteraan Masyarakat,,Dampak dan Kerusakan Lingkungan,,,,,,,,,,,,Kontestasi Politik di Pilkada,,,Krisis Iklim/Perubahan Iklim,Krisis Iklim/Perubahan Iklim,Ya,Ya,Tidak
Prov Palu,,,,,,,,,,,,,,,,,,,,,,,,,,,,,,,,,,,Krisis Iklim/Perubahan Iklim,Krisis Iklim/Perubahan Iklim,Ya,Ya,Ya
Prov Palu,Kemiskinan/Kesejahteraan Masyarakat,Lapangan Pekerjaan,Dampak Kerusakan Lingkungan,Produksi/Eksplorasi Pertambangan,"Bencana Alam (Banjir, Gempa Bumi, Abrasi, Longsor, dsb)",,Pendidikan,Kesehatan,Pelayanan Publik,,Kelangkaan dan Naiknya Harga Kebutuhan Pokok,,Praktik Korupsi dan Penyalahgunaan Kewenangan,Turisme/Pariwisata,Kontestasi Politik di Pilkada,Kelangkaan/Kekeringan Air Bersih,,Kemiskinan/Kesejahteraan Masyarakat,,,,"Bencana Alam (Banjir, Gempa Bumi, Abrasi, Longsor, dsb)",,,,,,,,,,Kontestasi Politik di Pilkada,,Lainnya,Transisi Energi,Transisi Energi,Ya,Ya,Tidak
Prov Palu,Kemiskinan/Kesejahteraan Masyarakat,,,Produksi/Eksplorasi Pertambangan,,,,,,Ketimpangan Pembangunan antara daerah,,,,,,,,Kemiskinan/Kesejahteraan Masyarakat,,,Produksi/Eksplorasi Pertambangan,,,,,,,,,,,,,,Energi Baru Terbarukan (EBT),Mineral Kritis,Tidak,Tidak,Ya
Kota Palu,,,,Produksi/Eksplorasi Pertambangan,"Bencana Alam (Banjir, Gempa Bumi, Abrasi, Longsor, dsb)",,,,,,,,,,,,,,Lapangan Pekerjaan,Dampak dan Kerusakan Lingkungan,Produksi/Eksplorasi Pertambangan,,,,,,,,,,,,,,Mineral Kritis,Mineral Kritis,Ya,Ya,Tidak